Original Location,New Location,Site,Name,Side,Street,Direction,Cross Street 1,Cross Street 2,Approval Agency,Map Link,Streetview Link,Site Photo?,Comments,Take forward to Crowdsourcing?
333,1,B,"N Grand Ave & 
W Temple St",E,N Grand Avenue,N,W Temple Street,W Cesar Chavez Avenue,LABOE,https://www.google.com/maps/d/edit?mid=zOHpquqdH9vM.kCKhYqM3Z834,"https://www.google.com/maps/@34.058262,-118.2463422,3a,75y,93.21h,81.22t/data=!3m6!1e1!3m4!1snd3r-JQj1xXZ8BuXm4z0VQ!2e0!7i13312!8i6656",Yes,Along wall,Yes
,2,A,N Figueroa St & Diamond St,W,N Figueroa Street,N,Diamond Street,W Temple Street,LABOE,https://www.google.com/maps/d/edit?mid=zOHpquqdH9vM.kfGpZu4iuxmw,"https://www.google.com/maps/@34.0585622,-118.2511063,3a,75y,306.88h,64.21t/data=!3m6!1e1!3m4!1sANHdsPG51ic_Nf7BlXCUAA!2e0!7i13312!8i6656",Yes,,Yes
335,3,C,Union Station West Portal,E,N Alameda Street,N,N Los Angeles Street,E Cesar Chavez Avenue,LA Metro,"https://www.google.com/maps/@34.0569359,-118.2366928,3a,75y,330.12h,86.22t/data=!3m6!1e1!3m4!1sVRuFb3IoSjpeL99Iogx7Ow!2e0!7i13312!8i6656","https://www.google.com/maps/@34.0569359,-118.2366928,3a,75y,330.12h,86.22t/data=!3m6!1e1!3m4!1sVRuFb3IoSjpeL99Iogx7Ow!2e0!7i13312!8i6656",Yes,"Metro property - requires license agreement

Metro to provide concrete pad in rose garden area + 2 additional adjacent parking spaces",Yes
336,4,A,N Los Angeles St & N Alameda Street,W,N Los Angeles Street,S,N Alameda Street,Arcadia Street,LADOT,"https://www.google.com/maps/@34.0559482,-118.2386053,3a,75y,261.77h,72.98t/data=!3m6!1e1!3m4!1sTUHDYMtE6MDIFjHENcY9jA!2e0!7i13312!8i6656","https://www.google.com/maps/@34.0559482,-118.2386053,3a,75y,261.77h,72.98t/data=!3m6!1e1!3m4!1sTUHDYMtE6MDIFjHENcY9jA!2e0!7i13312!8i6656",,,Yes
337,5,A,E Temple St & N Alameda St,S,E Temple Street,W,N Alameda Street,Judge John Aiso Street,LADOT,https://www.google.com/maps/d/edit?mid=zOHpquqdH9vM.kOrV9qbuUIVo,"https://www.google.com/maps/@34.0513792,-118.238389,3a,37.5y,194.94h,81.27t/data=!3m6!1e1!3m4!1snMxl59wAMFfQItBCxhyRfw!2e0!7i13312!8i6656",,Heavy shade cover from trees - limited alternatives nearby. Space may be tight; measure carefully.,Yes - Heavy shade cover - look for another site in the field
338,6,B,N Main St & W Temple St,W,N Main Street,S,W Temple Street,W 1st Street,LABOE,https://www.google.com/maps/d/edit?mid=zOHpquqdH9vM.kPRkIfAtataI,"https://www.google.com/maps/@34.0539249,-118.2418017,3a,75y,307.46h,75.43t/data=!3m7!1e1!3m5!1sn7kxRwaNl8FDI-mle2qG-w!2e0!6s%2F%2Fgeo1.ggpht.com%2Fcbk%3Fpanoid%3Dn7kxRwaNl8FDI-mle2qG-w%26output%3Dthumbnail%26cb_client%3Dmaps_sv.tactile.gps%26thumb%3D2%26w%3D100%26h%3D80%26yaw%3D48.106102%26pitch%3D0!7i13312!8i6656",,Site is only about 40' long,Yes
339,7,A,S Spring St & W 1st St,W,S Spring Street,S,W 1st Street,W 2nd Street,LADOT,https://www.google.com/maps/d/edit?mid=zOHpquqdH9vM.k9f9nGsJGhr4,"https://www.google.com/maps/@34.0525353,-118.244836,3a,75y,282.89h,70.19t/data=!3m6!1e1!3m4!1s9KuzzLDwnXhMwODJKSD7tA!2e0!7i13312!8i6656",,Proximity to site 35?,Yes
339,7,B,W 1st St & S Main St,S,W 1st Street,W,S Main Street,S Spring Street,LABOE,https://www.google.com/maps/d/edit?mid=zOHpquqdH9vM.k9f9nGsJGhr4,"https://www.google.com/maps/@34.0525376,-118.2438491,3a,37.5y,189.97h,83.68t/data=!3m6!1e1!3m4!1sRH9FI-KFIKOIJTGEO9fygQ!2e0!7i13312!8i6656",,Proximity to site 35? In front of LAPD building,Yes - preferred site (curbside); may have to relocate bike racks
340,8,A,S Grand Ave & W 1st St,W,S Grand Avenue,S,W 1st Street,W 2nd Street,LABOE,https://www.google.com/maps/d/edit?mid=zOHpquqdH9vM.kgXLLTWn6gqk,"https://www.google.com/maps/@34.0553815,-118.2489832,3a,49y,309.87h,86.3t/data=!3m7!1e1!3m5!1sDIEJwIUjn09F0m6_Z3hNjw!2e0!6s%2F%2Fgeo2.ggpht.com%2Fcbk%3Fpanoid%3DDIEJwIUjn09F0m6_Z3hNjw%26output%3Dthumbnail%26cb_client%3Dmaps_sv.tactile.gps%26thumb%3D2%26w%3D100%26h%3D80%26yaw%3D87.0711%26pitch%3D0!7i13312!8i6656",Yes,Will need significant outreach,Yes - site will need significant outreach
341,9,B,W Temple St & N Hill St,N,W Temple Street,W,N Hill Street,N Grand Avenue,LABOE,https://www.google.com/maps/d/edit?mid=zOHpquqdH9vM.kNwvpIhKm51o,"https://www.google.com/maps/@34.0571687,-118.2452862,3a,37.5y,33.61h,82.37t/data=!3m6!1e1!3m4!1s0M1WNcvDB6nDQy3EE-CX6Q!2e0!7i13312!8i6656",,Proximity to Site 1,Yes - could be sidewalk on on-street in place of parking
,10,B,Hill St at Metro Station/Grand Park,E,N Hill Street,N,W 1st Street,W Temple Street,LA Metro,"https://www.google.com/maps/@34.0552539,-118.2457391,3a,75y,150.17h,83.89t/data=!3m6!1e1!3m4!1sxm36fZ-EuVfM3qlvAl4SZg!2e0!7i13312!8i6656","https://www.google.com/maps/@34.0552539,-118.2457391,3a,75y,150.17h,83.89t/data=!3m6!1e1!3m4!1sxm36fZ-EuVfM3qlvAl4SZg!2e0!7i13312!8i6656",Yes,At Metro Station - will need license agreement; Requires approval by and coordination with Grand Park,Yes
343,11,A,S Olive St & W 6th St,E,S Olive Street,N,W 6th Street,W 5th Street,LABOE,https://www.google.com/maps/d/edit?mid=zOHpquqdH9vM.kquPfJByWEbE,"https://www.google.com/maps/@34.0480822,-118.2541482,3a,37.5y,109.23h,83.67t/data=!3m6!1e1!3m4!1sO-1AIqlXGwEhZB6OEv4Qzw!2e0!7i13312!8i6656",Yes,Station is small as per architect's sketches. Contact Rubina for details.,Yes
344,12,A,S Hill St & W 5th St,W,S Hill Street,S,W 5th Street,W 6th Street,LABOE,https://www.google.com/maps/d/edit?mid=zOHpquqdH9vM.kCpa6LVXhYZM,"https://www.google.com/maps/@34.0486272,-118.2519362,3a,48.4y,299.35h,84.55t/data=!3m6!1e1!3m4!1s1vTu2vW_l873ZnDxrgNncg!2e0!7i13312!8i6656",Yes,On top of stairs (ramp access to the street). Station is small as per architect's sketches. Contact Rubina for details.,Yes
345,13,A,W 5th St & S Grand Ave,S,W 5th Street,W,S Grand Avenue,S Flower Street,LABOE,https://www.google.com/maps/d/edit?mid=zOHpquqdH9vM.kd9RGyqytQD8,"https://www.google.com/maps/@34.0506014,-118.2545645,3a,41.2y,221.42h,78.82t/data=!3m6!1e1!3m4!1sqFsrZ4j6n7ASeNL0mpAJJQ!2e0!7i13312!8i6656",Yes,FDC,Yes
346,14,A,W 7th St & S Flower St,S,W 7th Street,W,S Flower Street,S Figueroa Street,LADOT,https://www.google.com/maps/d/edit?mid=zOHpquqdH9vM.kkGaMhN3gqaA,"https://www.google.com/maps/@34.0490721,-118.2593767,3a,75y,209h,73.52t/data=!3m6!1e1!3m4!1s9vTtUBh6y4eVxrxw0E3z-A!2e0!7i13312!8i6656",,Avoid manhole cover,Yes
346,14,B,S Flower and W 7th St,W,S Flower Street,S,W 7th Street,W 8th Street,LADOT,https://www.google.com/maps/d/edit?mid=zOHpquqdH9vM.kkGaMhN3gqaA,"https://www.google.com/maps/@34.0485075,-118.2589275,3a,90y,275.14h,65.85t/data=!3m6!1e1!3m4!1s8IVCf8rJnYghNrIBjs11XA!2e0!7i13312!8i6656",,Better spacing than 14A; peak hour restriction (check if this is a peak hour travel lane); Metro subway emergency exit,Yes
347,15,B,S Grand Ave & W 9th St,W,S Grand Avenue,S,W 9th Street,W Olympic Boulevard,LADOT,,"https://www.google.com/maps/@34.0442997,-118.25941,3a,75y,275.21h,71.41t/data=!3m6!1e1!3m4!1sNvTN3-hFoOa1MYLrH6fiqg!2e0!7i13312!8i6656",,,Yes
348,16,B,S Figueroa St & W 11th St,,,,,,,,Show at the intersection,,Coordinate with LACC for possible siting at this location.,"Yes - but show at nearest intersection as a ""general"" location (private property owner - will depend on sponsorships and use of property)"
349,17,F,W Pico Blvd & S Figueroa St,S,W Pico Boulevard,W,S Figueroa Street,L.A. Live Way,LABOE,https://www.google.com/maps/d/edit?mid=zOHpquqdH9vM.kHfyigDPHTNI,"https://www.google.com/maps/@34.0408237,-118.2685463,3a,75y,259.2h,66.47t/data=!3m6!1e1!3m4!1sFYEfAb-6JHhtIpBbS7o_Fg!2e0!7i13312!8i6656",Yes,Coordinate with LACC.,Yes - use sidewalk location for crowdsourcing map
350,18,C,W 12th St & S Hill St,N,W 12th Street,E,S Hill Street,S Broadway,LADOT,https://www.google.com/maps/d/edit?mid=zOHpquqdH9vM.kd1WHxb5CZEU,"https://www.google.com/maps/@34.038481,-118.2607736,3a,75y,344.6h,66.89t/data=!3m6!1e1!3m4!1sa09bzkueRWJIx9tIi6dF_Q!2e0!7i13312!8i6656",Yes,Avoids peak parking restriction; on 12th St.,Yes - place closer to Public Works entry - better solar and further from intersection; potential to be three parking spaces (might be interim site during construction of B)
351,19,A,S Grand Ave & W Washington Blvd,E,S Grand Avenue,N,W Washington Boulevard,W 18th Street,LABOE,https://www.google.com/maps/d/edit?mid=zOHpquqdH9vM.kPMRWp_oN9dA,"https://www.google.com/maps/@34.0329221,-118.2681604,3a,49y,115.93h,87.48t/data=!3m7!1e1!3m5!1sIf7tHistPfLnq4MkHapo5w!2e0!6s%2F%2Fgeo3.ggpht.com%2Fcbk%3Fpanoid%3DIf7tHistPfLnq4MkHapo5w%26output%3Dthumbnail%26cb_client%3Dmaps_sv.tactile.gps%26thumb%3D2%26w%3D100%26h%3D80%26yaw%3D174.53946%26pitch%3D0!7i13312!8i6656",Yes,South of I-10 - may move into 2nd phase,Yes
355,23,E,S Hope St & W Pico Blvd,E,S Hope Street,S,W Pico Boulevard,Cameron Lane,LADOT,https://www.google.com/maps/d/edit?mid=zOHpquqdH9vM.kQILORwtIyCM,"https://www.google.com/maps/@34.0392842,-118.265817,3a,75y,83.49h,59.47t/data=!3m6!1e1!3m4!1sbDhvPHeXcGJ8x3_lOQ6GRw!2e0!7i13312!8i6656",,Small station only,Field work needed to verify length of site
356,24,C,E 5th St & S Hewitt St,S,E 5th Street,W,S Hewitt Street,Colyton Street,LADOT,https://www.google.com/maps/d/edit?mid=zOHpquqdH9vM.kMUL6oeRbhbc,"https://www.google.com/maps/@34.041745,-118.2355417,3a,75y,126.03h,63.35t/data=!3m6!1e1!3m4!1sB9grsV3IHMHf2XJFXJpMKA!2e0!7i13312!8i6656",Yes,No curb,Yes
357,25,A,E 3rd St & S Hewitt St,S,E 3rd Street,E,S Hewitt Street,S Garey Street,LADOT,https://www.google.com/maps/d/edit?mid=zOHpquqdH9vM.kdHYMp4H1LGM,"https://www.google.com/maps/@34.0458298,-118.2357686,3a,75y,154.61h,68.45t/data=!3m6!1e1!3m4!1slJn0r7z5RzoyUkSxH3fNRw!2e0!7i13312!8i6656",Yes,Bike lane,Yes
357,25,D,E 3rd St & Rose St,S,E 3rd Street,O,Rose Street,,LADOT,https://www.google.com/maps/d/edit?mid=zOHpquqdH9vM.kdHYMp4H1LGM,"https://www.google.com/maps/@34.0456295,-118.2372142,3a,75y,135.02h,78.09t/data=!3m6!1e1!3m4!1sNTnN0MazwnA05-mIwdeCVQ!2e0!7i13312!8i6656",Yes,,"Yes - stay out of loading zone; either side of street, near corral or south of loading zone"
358,26,A,E 3rd St & S Santa Fe Ave,N,E 3rd Street,W,S Santa Fe Avenue,S Garey Street,LADOT,https://www.google.com/maps/d/edit?mid=zOHpquqdH9vM.kxtJYf2lpb-0,"https://www.google.com/maps/@34.0459684,-118.2329888,3a,75y,9.19h,74.28t/data=!3m6!1e1!3m4!1sUnW2eEmuYLGxILUh3Kfbkw!2e0!7i13312!8i6656",Yes,,Yes
360,28,A,S San Pedro St & E 1st St,W,S San Pedro Street,S,E 1st Street,E 2nd Street,LABOE,https://www.google.com/maps/d/edit?mid=zOHpquqdH9vM.k4G82pDNQEuc,"https://www.google.com/maps/@34.0504746,-118.2409914,3a,37.5y,219.44h,83.44t/data=!3m6!1e1!3m4!1sL2h6Qmd8YRN30FyMRfj2Xg!2e0!7i13312!8i6656",Yes,To be moved to 1st/Central to avoid station closure expected Winter 2017,Yes
360,28,B,E 1st St & N Los Angeles Street,N,E 1st Street,W,Judge John Aiso Street,N Los Angeles Street,Private,https://www.google.com/maps/d/edit?mid=zOHpquqdH9vM.k4G82pDNQEuc,"https://www.google.com/maps/@34.0505464,-118.2410887,3a,75y,36.01h,76.22t/data=!3m7!1e1!3m5!1sNdRDeAk1WiOqedRpI2I1kg!2e0!6s%2F%2Fgeo1.ggpht.com%2Fcbk%3Fpanoid%3D4o1jEsjqCkx0Doc4Rg5WHg%26output%3Dthumbnail%26cb_client%3Dmaps_sv.tactile.gps%26thumb%3D2%26w%3D100%26h%3D80%26yaw%3D184.3573%26pitch%3D0!7i13312!8i6656",,Confirm property owner; to be moved to 1st/Central to avoid station closure expected Winter 2018,"Check property owner with City Assessor / Land Owner database - if City of LA, reconsider"
361,29,B,S Grand Ave & W 7th St,E,S Grand Avenue,S,W 7th Street,W 8th Street,LADOT,https://www.google.com/maps/d/edit?mid=zOHpquqdH9vM.k-XzYsiSsQk8,"https://www.google.com/maps/@34.0471935,-118.2567379,3a,75y,142.1h,81.26t/data=!3m6!1e1!3m4!1sIaKooCc4UdS5svhsdYIPxw!2e0!7i13312!8i6656",,Alley entrance,"Yes, preferred over 29A for solar reasons"
362,30,B,W 2nd St & S Figueroa St,N,W 2nd Street,W,S Figueroa Street,S Beaudry Street,LADOT,https://www.google.com/maps/d/edit?mid=zOHpquqdH9vM.kY3oWKfoYUYY,"https://www.google.com/maps/@34.056796,-118.2535072,3a,75y,10.34h,73.12t/data=!3m6!1e1!3m4!1svSLWSKedpQeT5NR1EJ-kvw!2e0!7i13312!8i6656",,,"Yes, other site was on private property - move to be in place of on-street in place of parking"
363,31,A,W 2nd St & S Hill St,S,W 2nd Street,E,S Hill Street,S Broadway,LADOT,https://www.google.com/maps/d/edit?mid=zOHpquqdH9vM.k1BzstL7Z3Pc,"https://www.google.com/maps/@34.0530476,-118.247666,3a,75y,166.51h,69.55t/data=!3m6!1e1!3m4!1s-dMXl4DuzGxH4r-N2VsKIw!2e0!7i13312!8i6656",Yes,Avoids peak parking restriction; on 2nd St.,Yes
364,32,D,S Figueroa St & W Cesar Chavez Ave,E,S Figueroa Street,N,W Cesar Chavez Avenue,Bartlett Street,LADOT,https://www.google.com/maps/d/edit?mid=zOHpquqdH9vM.kMsFpTBrGtkM,"https://www.google.com/maps/@34.0633017,-118.2459085,3a,75y,178.67h,67.18t/data=!3m6!1e1!3m4!1svQDKpDicGRs3eMLTnsHlMw!2e0!7i13312!8i6656",,,Yes
365,33,A,S Spring St & W 3rd St,E,S Spring Street,S,W 3rd Street,W 4th Street,LABOE,https://www.google.com/maps/d/edit?mid=zOHpquqdH9vM.koXeOVzvVAyA,"https://www.google.com/maps/@34.0500083,-118.2471839,3a,75y,135.45h,74.41t/data=!3m6!1e1!3m4!1soU7OQI57xpqsyxwXmnxfrA!2e0!7i13312!8i6656",Yes,place curbside (there is a second walkway closer to the building),"Yes, place curbside (there is a second walkway closer to the building) - maybe consider removing given its on the wrong side of the street"
366,34,A,S Main St & E 4th St,E,S Main Street,N,E 4th Street,E 3rd Street,LABOE,https://www.google.com/maps/d/edit?mid=zOHpquqdH9vM.k9p_pejHeQw8,"https://www.google.com/maps/@34.0486897,-118.2466582,3a,37.5y,146.15h,78.46t/data=!3m6!1e1!3m4!1sdZTCofZ2b2OI6LyPbne2EA!2e0!7i13312!8i6656",,,Yes
,35,D,S Main St & E 1st St,E,S Main Street,S,E 1st Street,E 2nd Street,LABOE,https://www.google.com/maps/d/edit?mid=zOHpquqdH9vM.kI8v91--aX6U,"https://www.google.com/maps/@34.0520446,-118.243593,3a,52.4y,134.07h,77.87t/data=!3m6!1e1!3m4!1sUxDlD0E1mUF7cZN3X3Z3NA!2e0!7i13312!8i6656",,"Would prefer to not remove LADOT bike-shaped racks.
Maintain clear sightlines at corner.",Yes
368,36,B,S Spring St & W 5th St,W,S Spring Street,S,W 5th Street,W 6th Street,LADOT,https://www.google.com/maps/d/edit?mid=zOHpquqdH9vM.krZRigfkZuTk,"https://www.google.com/maps/@34.0471788,-118.2498035,3a,75y,333.63h,63.98t/data=!3m6!1e1!3m4!1sxlSSXs_fTsmQU_69xVUAOg!2e0!7i13312!8i6656",Yes,This is the only location on this corner with sufficient solar - relocate loading zone,Yes - relocate loading zone further south
369,37,A,S Main St & E 6th St,W,S Main Street,S,E 6th Street,E 7th Street,LABOE,https://www.google.com/maps/d/edit?mid=zOHpquqdH9vM.kOueUtkQd0oY,"https://www.google.com/maps/@34.0450753,-118.2501516,3a,75y,289.21h,74.34t/data=!3m6!1e1!3m4!1sG2vSUvzdzEhms5sXgMG0sA!2e0!7i13312!8i6656",Yes,,"Yes, but on the wrong side of the street for the bike lane"
370,38,B,W 7th St & S Spring St,N,W 7th Street,W,S Spring Street,S Broadway,LADOT,https://www.google.com/maps/d/edit?mid=zOHpquqdH9vM.ks8r8vjgq9wY,"https://www.google.com/maps/@34.0446553,-118.2524904,3a,75y,358.73h,66.45t/data=!3m6!1e1!3m4!1sYMyvlUgr1UIpkgT66d9e0A!2e0!7i13312!8i6656",,,Yes
371,39,B,S Hill St & W 7th St,W,S Hill Street,N,W 7th Street,W 6th Street,LABOE,https://www.google.com/maps/d/edit?mid=zOHpquqdH9vM.kSNd2hQBe5nk,"https://www.google.com/maps/@34.0461532,-118.254254,3a,75y,314.67h,62.26t/data=!3m6!1e1!3m4!1sngr0_aQS8BiGdDHLzhTyjw!2e0!7i13312!8i6656",Yes,Large planters,"Yes, will need to avoid vaults and utilities"
372,40,A,S Hope St & W 6th St,E,S Hope Street,N,W 6th Street,,LADOT,https://www.google.com/maps/d/edit?mid=zOHpquqdH9vM.kOxEOpLO7JXc,"https://www.google.com/maps/@34.0498328,-118.2559881,3a,75y,105.03h,58.52t/data=!3m6!1e1!3m4!1s0qImyG1jgECVm1DpLuVrxQ!2e0!7i13312!8i6656",Yes,,Yes
373,41,A,W 7th St & S Bixel St,N,W 7th Street,W,S Bixel Street,Lucas Avenue,LADOT,https://www.google.com/maps/d/edit?mid=zOHpquqdH9vM.kC7ifSd1mgvk,"https://www.google.com/maps/@34.0509488,-118.2644119,3a,75y,343.98h,63t/data=!3m6!1e1!3m4!1sKXTPs1AjlML9Hubpxn4aXA!2e0!7i13312!8i6656",,,Yes
374,42,A,E 9th St & S Main St,S,W 9th Street,W,S Main Street,S Broadway,LADOT,https://www.google.com/maps/d/edit?mid=zOHpquqdH9vM.kfM72rntlekU,"https://www.google.com/maps/@34.0419501,-118.2554924,3a,75y,164h,66.25t/data=!3m6!1e1!3m4!1sqwAYbdMx37xr4bDESUDIPA!2e0!7i13312!8i6656",,,Yes
374,42,B,S Main St & E 9th St,W,S Main Street,S,E 9th Street,E Olympic Boulevard,LADOT,https://www.google.com/maps/d/edit?mid=zOHpquqdH9vM.kfM72rntlekU,"https://www.google.com/maps/@34.0409867,-118.2559383,3a,75y,96.67h,80.14t/data=!3m6!1e1!3m4!1ssnACDR48DR9lolE1s_j4eA!2e0!7i13312!8i6656",,Two parking spaces plus some red curb towards crosswalk; check sidewalk width to see if station can be on sidewalk,Yes
375,43,A,S Olive St & W 8th St,W,S Olive Street,S,W 8th Street,W 9th Street,LABOE,https://www.google.com/maps/d/edit?mid=zOHpquqdH9vM.k24pwBwy3ga0,"https://www.google.com/maps/@34.0451171,-118.2569125,3a,75y,248.13h,70.01t/data=!3m6!1e1!3m4!1sTcD35ULop2IrUMPFA1ppxg!2e0!7i13312!8i6656",,The lot next to the site is under construction. ,"Yes, field check for post-construction conditions"
376,44,B,S Grand Ave & W 11th St,W,S Grand Avenue,S,W 11th Street,W 12th Street,LADOT,https://www.google.com/maps/d/edit?mid=zOHpquqdH9vM.kV-ANc_LNLSQ,"https://www.google.com/maps/@34.0413995,-118.2620793,3a,75y,269.47h,64.04t/data=!3m7!1e1!3m5!1sCqTY0WPndfcd5LMGNYG5CA!2e0!6s%2F%2Fgeo2.ggpht.com%2Fcbk%3Fpanoid%3DCqTY0WPndfcd5LMGNYG5CA%26output%3Dthumbnail%26cb_client%3Dmaps_sv.tactile.gps%26thumb%3D2%26w%3D100%26h%3D80%26yaw%3D296.48682%26pitch%3D0!7i13312!8i6656",Yes,,"Yes, located next to bike lane"
377,45,E,S Olive St & W 12th St,E,S Olive Street,S,W 12th Street,W Pico Boulevard,LADOT,https://www.google.com/maps/d/edit?mid=zOHpquqdH9vM.kwwAnpeCBYPE,"https://www.google.com/maps/@34.0391278,-118.2625106,3a,75y,137.76h,55.58t/data=!3m6!1e1!3m4!1spd_87NL0CzvR_cR56bsLRQ!2e0!7i13312!8i6656",,Two spaces plus some red curb,Yes
378,46,A,S Figueroa St & W 8th St,W,S Figueroa Street,N,W 8th Street,W 7th Street,LADOT,https://www.google.com/maps/d/u/0/edit?mid=zOHpquqdH9vM.km_fttLuzWZE,"https://www.google.com/maps/@34.0480705,-118.2611194,3a,37.5y,346.31h,81.84t/data=!3m6!1e1!3m4!1sJopQlNTSZPAbw2nE-ECm5g!2e0!7i13312!8i6656",,Potential FDC,"Yes, place in first two parking spaces"
379,47,A,S Figueroa St & W 9th St,,,,,,,,Show at the intersection,,,Yes - but place at the intersection and leave general
380,48,A,S Figueroa St & W 12th St,,,,,,,,Show at the intersection,,Existing plaza will be torn up for LACC redesign. Proximity to 16 and 17 - consider removing,Yes - but place at the intersection and leave general
382,50,C,E 7th St & S Main St,S,E 7th Street,E,S Main Street,S Los Angeles Street,LADOT,https://www.google.com/maps/d/u/0/edit?mid=zOHpquqdH9vM.kJ-MrikhutYk,"https://www.google.com/maps/@34.0435601,-118.2508356,3a,75y,275.64h,53.44t/data=!3m6!1e1!3m4!1sedd6TmjZB3Oh16opU9FXXQ!2e0!7i13312!8i6656",,,Yes
383,51,A,S Grand Ave & W 14th St,E,S Grand Avenue,S,W 14th Street,W 15th Street,LABOE,https://www.google.com/maps/d/u/0/edit?mid=zOHpquqdH9vM.kZku-EYXw7pA,"https://www.google.com/maps/@34.0370095,-118.2655268,3a,63.8y,112.37h,67.07t/data=!3m6!1e1!3m4!1sB2oBi037PXWHiWdFRV1FmQ!2e0!7i13312!8i6656",Yes,Bike lane; potential conflict with billboard,Yes
384,52,A,S Figueroa St & W 18th St,W,S Figueroa Street,N,W 18th Street,W 18th Street,LABOE,https://www.google.com/maps/d/u/0/edit?mid=zOHpquqdH9vM.kQxMOVBF17AA,"https://www.google.com/maps/@34.0355985,-118.2712954,3a,75y,311.68h,64.11t/data=!3m6!1e1!3m4!1sWkV9ka7jNJRQC0v830FPcg!2e0!7i13312!8i6656",Yes,South of I-10 - may be removed from Phase 1; peak parking restriction,Yes
386,54,B,Willow St & Mateo St,S,Willow Street,E,Mateo Street,S Santa Fe Avenue,LADOT,https://www.google.com/maps/d/u/0/edit?mid=zOHpquqdH9vM.kiEVSitTqC-c,"https://www.google.com/maps/@34.0391861,-118.2326035,3a,75y,134.68h,64.63t/data=!3m6!1e1!3m4!1sQP2tX0F02F7WYMona1ctVg!2e0!7i13312!8i6656",Yes,Place on-street next to bike corral,Yes
387,55,E,Mateo St & E 7th St,E,Mateo Street,N,E 7th Street,Industrial Street,LADOT,https://www.google.com/maps/d/u/0/edit?mid=zOHpquqdH9vM.kSa2sP4K4Lxs,"https://www.google.com/maps/@34.0350277,-118.2323322,3a,75y,18.57h,68.26t/data=!3m6!1e1!3m4!1smBDZxqixgfh44EIabiFJzA!2e0!7i13312!8i6656",,On-street in place of parking,Yes
401,66,C,E 5th St & Wall St,,,,,,,,Show at the intersection,,"Show a general location at the intersection (could use this site on the sidewalk: https://www.google.com/maps/@34.0437231,-118.2442012,3a,37.5y,266.07h,80.76t/data=!3m6!1e1!3m4!1sCcN7s2WoX-nrI_P5bf6lwg!2e0!7i13312!8i6656)","Yes, but show a general location at the intersection"
402,67,A,Wall St & E 7th St,E,Wall Street,S,E 7th Street,E 8th Street,LADOT,https://www.google.com/maps/d/u/0/edit?mid=zOHpquqdH9vM.kHH2UK_32MPc,"https://www.google.com/maps/@34.0416089,-118.2488783,3a,75y,116h,72.12t/data=!3m7!1e1!3m5!1s72HJZnt37ZqV7wj6mEiq_Q!2e0!6s%2F%2Fgeo3.ggpht.com%2Fcbk%3Fpanoid%3D72HJZnt37ZqV7wj6mEiq_Q%26output%3Dthumbnail%26cb_client%3Dmaps_sv.tactile.gps%26thumb%3D2%26w%3D203%26h%3D100%26yaw%3D11.628778%26pitch%3D0!7i13312!8i6656",,,Yes
403,68,C,S San Pedro Street & E 7th St,W,S San Pedro Street,S,E 7th Street,E 8th Street,LADOT,https://www.google.com/maps/d/u/0/edit?mid=zOHpquqdH9vM.k2BRN64ozhn8,"https://www.google.com/maps/@34.0404623,-118.2470203,3a,75y,278.35h,80.61t/data=!3m6!1e1!3m4!1smuieMggvbZqjrMquHBN6CA!2e0!7i13312!8i6656",,,Yes
404,69,B,E 11th St & Santee St,N,E 11th Street,W,Santee Street,S Los Angeles Street,LADOT,https://www.google.com/maps/d/u/0/edit?mid=zOHpquqdH9vM.kzD3K0-K4Q2Y,"https://www.google.com/maps/@34.0379236,-118.2563104,3a,75y,13.37h,52.56t/data=!3m6!1e1!3m4!1sEjDSIWrWTGdAmmwWc6SjCg!2e0!7i13312!8i6656",,,Yes
405,70,A,E Pico Bvd & Santee St,N,E Pico Boulevard,W,Santee Street,S Los Angeles Street,LADOT,https://www.google.com/maps/d/u/0/edit?mid=zOHpquqdH9vM.kIrULOqMp-xU,"https://www.google.com/maps/@34.0352015,-118.2583933,3a,75y,348.19h,70.41t/data=!3m6!1e1!3m4!1ssAmtxFvcvJcKlj7NI9NLYA!2e0!7i13312!8i6656",,,Yes
406,71,B,Kohler St & E 6th St,E,Kohler Street,S,E 6th Street,Wilde Street,LADOT,https://www.google.com/maps/d/u/0/edit?mid=zOHpquqdH9vM.kNwazxM_-PuY,"https://www.google.com/maps/@34.0391569,-118.2407205,3a,75y,78.68h,62.33t/data=!3m6!1e1!3m4!1sod9bKWHaYlpSAQb3sUfjng!2e0!7i13312!8i6656",,Overnight restriction,Yes
407,72,A,E 7th St & S Alameda St,,,,,,,,Show at the intersection,,2-hr parking,"Yes, but place at the intersection in a general location for the crowdsourcing map"
410,75,C,E 2nd St & S San Pedro St,N,E 2nd Street,E,S San Pedro Street,S Central Avenue,LADOT,https://www.google.com/maps/d/u/0/edit?mid=zOHpquqdH9vM.k9-YSbe6qOEM,"https://www.google.com/maps/@34.0486037,-118.2406446,3a,75y,13.4h,68.64t/data=!3m6!1e1!3m4!1shs-aS7bIf5NekS7W6c1D_Q!2e0!7i13312!8i6656",Yes,,Yes
411,76,C,Boyd St & S San Pedro St,N,Boyd Street,E,S San Pedro Street,Omar Street,LADOT,https://www.google.com/maps/d/edit?mid=zOHpquqdH9vM.kl55pYgaAVjU,"https://www.google.com/maps/@34.0465531,-118.2425231,3a,75y,103.42h,75.03t/data=!3m6!1e1!3m4!1svzSZAdFww5sp_BLd7ItJWA!2e0!7i13312!8i6656",,,Yes
412,77,B,Crocker St & E 6th St,E,Crocker Street,N,E 6th Street,E 5th Street,LADOT,https://www.google.com/maps/d/edit?mid=zOHpquqdH9vM.krkRINGFhZRc,"https://www.google.com/maps/@34.0418361,-118.2442408,3a,75y,92.21h,69.8t/data=!3m6!1e1!3m4!1sCc_YbUR98yyomkWRDw18Jw!2e0!7i13312!8i6656",,,Yes
413,78,A,S Main St & E 5th St,E,S Main Street,N,E 5th Street,Winston Street,LADOT,https://www.google.com/maps/d/edit?mid=zOHpquqdH9vM.k8b68XkJTmvg,"https://www.google.com/maps/@34.0469261,-118.2482961,3a,75y,107.73h,66.27t/data=!3m6!1e1!3m4!1sYW6opnNtoBqFmUCFgXLKPQ!2e0!7i13312!8i6656",,Bike corral,Yes
414,79,A,Ord St & New High St,S,Ord Street,E,New High Street,N Spring Street,LADOT,https://www.google.com/maps/d/edit?mid=z6oVlfrE4DTA.kwW4-b7q183s&usp=sharing,"https://www.google.com/maps/@34.0600485,-118.2385004,3a,75y,160.63h,66.89t/data=!3m6!1e1!3m4!1sanvH5Ko-W7jZzGqZ-CZ0yw!2e0!7i13312!8i6656",,,"Yes, but higher impact on adjacent businesses than 79C"
414,79,C,New High St & Ord St,E,New High Street,N,Ord Street,Alpine Street,LADOT,https://www.google.com/maps/d/edit?mid=z6oVlfrE4DTA.kwW4-b7q183s&usp=sharing,"https://www.google.com/maps/@34.0601395,-118.2385896,3a,75y,48.22h,66.42t/data=!3m6!1e1!3m4!1sQ_V7yZDNJJtu6SLN42Q-YA!2e0!7i13312!8i6656",,,Yes
415,80,A,N Spring St & W College St,E,N Spring Street,S,W College Street,Alpine Street,LA Metro,https://www.google.com/maps/d/edit?mid=z6oVlfrE4DTA.k2P8nO96WFMo&usp=sharing,"https://www.google.com/maps/@34.0632526,-118.236254,3a,37.5y,44.89h,77.78t/data=!3m6!1e1!3m4!1sFrHBK0sHrA98LB79imV7qA!2e0!7i13312!8i6656",Yes,Ongoing construction,Yes
416,81,B,N Alameda St & Alpine St,E,N Alameda Street,N,Alpine Street,Bruno Street,LADOT,https://www.google.com/maps/d/edit?mid=z6oVlfrE4DTA.kuLQGPe_I_Jg&usp=sharing,"https://www.google.com/maps/@34.0620249,-118.2361084,3a,75y,75.35h,81.97t/data=!3m6!1e1!3m4!1sq8HqZV03SApNYkC5auzDJQ!2e0!7i13312!8i6656",,,"Yes, closest to activity"
,82,A,Union Station East Portal,E,Patsaouras Bus Plaza,N,Gateway Plaza,,LA Metro,https://www.google.com/maps/d/edit?mid=z6oVlfrE4DTA.kGMqzG6BOpcU&usp=sharing,"https://www.google.com/maps/@34.0556218,-118.2329249,3a,85.4y,70.86h,85.41t/data=!3m6!1e1!3m4!1spB9MDQjZThxpfmlEuR4I5w!2e0!7i13312!8i6656",Yes,On Union Station property in Patsaouras Bus Plaza; northeast pedestrian walkway; coordinate siting with Metro (requires a license agreement),Yes
,83,C,S Grand Avenue & W 3rd St,E,S Grand Avenue,N,W 3rd Street,W 2nd Street,LADOT,https://www.google.com/maps/d/edit?mid=z6oVlfrE4DTA.kPnHQj6-XN-I&usp=sharing,"https://www.google.com/maps/@34.0532222,-118.250932,3a,75y,88.89h,70.47t/data=!3m6!1e1!3m4!1sadIR2p3yqXdt8XRq9YtgbQ!2e0!7i13312!8i6656",,DASH stop may have to be moved.,Yes
,84,A,S Broadway & W 3rd St,W,S Broadway,S,W 3rd Street,W 4th Street,LADOT,"https://www.google.com/maps/@34.0507469,-118.2482521,3a,75y,287.31h,59.35t/data=!3m6!1e1!3m4!1spOA5n0ToDnWQk9v3-lx-ZQ!2e0!7i13312!8i6656!6m1!1e1","https://www.google.com/maps/@34.0507469,-118.2482521,3a,75y,287.31h,59.35t/data=!3m6!1e1!3m4!1spOA5n0ToDnWQk9v3-lx-ZQ!2e0!7i13312!8i6656",,"North of Grand Central Market; within pavement treatment

Relocation process for mailbox?",Yes
,85,A,S Hope St & W Olympic Blvd,E,S Hope Street,N,W Olympic Boulevard,W 9th Street,LABOE,"https://www.google.com/maps/@34.0441742,-118.2612812,3a,75y,173h,69.05t/data=!3m6!1e1!3m4!1sgyI3-OHOwAzB1-aIC4s1PA!2e0!7i13312!8i6656!6m1!1e1","https://www.google.com/maps/@34.0441742,-118.2612812,3a,75y,173h,69.05t/data=!3m6!1e1!3m4!1sgyI3-OHOwAzB1-aIC4s1PA!2e0!7i13312!8i6656!6m1!1e1",,,Yes
,86,A,S Broadway & W 9th St,W,S Broadway,S,W 9th Street,W Olympic Boulevard,LADOT,"https://www.google.com/maps/@34.0420138,-118.2563461,3a,75y,0.58h,60.15t/data=!3m6!1e1!3m4!1sdgQNlybGB3KnABVj3UGc1Q!2e0!7i13312!8i6656","https://www.google.com/maps/@34.0420138,-118.2563461,3a,75y,0.58h,60.15t/data=!3m6!1e1!3m4!1sdgQNlybGB3KnABVj3UGc1Q!2e0!7i13312!8i6656",,,Yes
,87,A,S Broadway & W 11th St,W,S Broadway,N,W 11th Street,W Olympic Boulevard,LADOT,"https://www.google.com/maps/@34.0401691,-118.2583279,3a,75y,353.7h,64.62t/data=!3m6!1e1!3m4!1sN-18G0r-BIE7tBOYHDupvw!2e0!7i13312!8i6656","https://www.google.com/maps/@34.0401691,-118.2583279,3a,75y,353.7h,64.62t/data=!3m6!1e1!3m4!1sN-18G0r-BIE7tBOYHDupvw!2e0!7i13312!8i6656",,May need to install additional K-71  bollards; southernmost planter should be removed. LADOT bike racks should be removed.,Yes
,88,B,N Broadway & W Cesar Chavez Ave,E,N Broadway,N,W Cesar Chavez Avenue,Ord Street,LADOT,"https://www.google.com/maps/@34.058894,-118.2400528,3a,75y,85.46h,79.4t/data=!3m6!1e1!3m4!1sRISr1ld96a1qbIn3GI0ryw!2e0!7i13312!8i6656!6m1!1e1","https://www.google.com/maps/@34.058894,-118.2400528,3a,75y,85.46h,79.4t/data=!3m6!1e1!3m4!1sRISr1ld96a1qbIn3GI0ryw!2e0!7i13312!8i6656!6m1!1e1",,"Utilize 2 parking spaces in front of #600.
Very active usage of building plaza; frequently utilized pedestrian loading zone.",Yes
,89,A,S San Pedro St & E 8th St,W,S San Pedro Street,S,E 8th Street,E 9th Street,LADOT,"https://www.google.com/maps/@34.0382658,-118.2493329,3a,75y,328.28h,80.52t/data=!3m6!1e1!3m4!1sU1aCYQkATd12AMS8ROnBEg!2e0!7i13312!8i6656","https://www.google.com/maps/@34.0382658,-118.2493329,3a,75y,328.28h,80.52t/data=!3m6!1e1!3m4!1sU1aCYQkATd12AMS8ROnBEg!2e0!7i13312!8i6656",,Loading zone directly in front of Flower Mall; frequency of loading/unloading along the street less than ideal for siting.,Yes
,90,A,S Maple St & E 9th St,W,S Maple Avenue,S,E 9th Street,E 10th Street,LADOT,"https://www.google.com/maps/@34.0393343,-118.2528848,3a,75y,301.33h,71.48t/data=!3m7!1e1!3m5!1sN0imFoYRy_Eq5Vsw4KvvMQ!2e0!6s%2F%2Fgeo2.ggpht.com%2Fcbk%3Fpanoid%3DN0imFoYRy_Eq5Vsw4KvvMQ%26output%3Dthumbnail%26cb_client%3Dmaps_sv.tactile.gps%26thumb%3D2%26w%3D203%26h%3D100%26yaw%3D230.81583%26pitch%3D0!7i13312!8i6656","https://www.google.com/maps/@34.0393343,-118.2528848,3a,75y,301.33h,71.48t/data=!3m7!1e1!3m5!1sN0imFoYRy_Eq5Vsw4KvvMQ!2e0!6s%2F%2Fgeo2.ggpht.com%2Fcbk%3Fpanoid%3DN0imFoYRy_Eq5Vsw4KvvMQ%26output%3Dthumbnail%26cb_client%3Dmaps_sv.tactile.gps%26thumb%3D2%26w%3D203%26h%3D100%26yaw%3D230.81583%26pitch%3D0!7i13312!8i6656",,Concrete pad at location is no longer in use as a bus stop.,"Yes, check that bus stop is no longer active"
